Genotype,SAG1,SAG2,altSAG2,SAG3,BTUB,GRA6,c22-8,c29-2,L358,PK1,Apico
#1,II or III,II,II,II,II,II,II,II,II,II,II
#2,II or III,III,III,III,III,III,III,III,III,III,III
#3,II or III,II,II,II,II,II,II,II,II,II,I
#4,II or III,II,II,II,II,II,II,II,I,II,I
#5,u-1,II,II,II,II,II,II,II,I,II,I
#6,I,I,I,III,I,II,u-1,I,I,I,I
#7,I,III,III,III,III,III,III,III,III,III,I
#8,I,III,III,III,III,III,II,III,III,III,III
#9,u-1,II,II,III,III,II,II,III,II,II,I
#10,I,I,I,I,I,I,I,I,I,I,I
#11,I,I,II,III,III,III,I,III,I,II,III
#12,I,III,III,I,I,III,II,III,III,I,III
#13,I,I,I,I,I,III,II,III,III,I,III
#14,I,III,III,III,III,III,III,I,III,III,III
#15,u-1,I,II,III,III,III,III,I,I,III,I
#16,I,I,II,III,III,I,III,I,III,III,I
#17,u-1,I,II,III,III,III,u-1,I,I,III,I
#18,I,I,I,III,I,III,II,I,III,III,I
#19,I,III,III,III,III,III,I,I,I,u-1,I
#20,u-1,II,II,III,III,II,II,III,II,u-2,I
#21,I,III,III,III,III,III,I,I,I,III,III
#22,u-1,I,II,III,III,III,u-1,I,III,III,III
#23,I,I,II,III,I,III,II,I,III,u-1,I
#24,I,I,I,I,III,I,I,I,I,I,III
#25,I,III,III,I,III,III,III,III,III,I,I
#26,II or III,III,III,III,III,III,I,III,III,I,III
#27,I,I,I,I,I,I,I,III,I,I,I
#28,I,I,I,I,I,I,II,I,III,I,III
#29,I,I,II,III,I,III,II,I,III,III,I
#30,I,III,III,I,III,III,III,III,III,I,III
#31,I,III,III,III,I,III,III,III,III,I,III
#32,I,III,III,III,III,II,I,I,I,I,I
#33,u-1,I,II,III,I,III,u-1,I,I,I,I
#34,u-1,I,II,III,III,III,II,I,I,u-1,I
#35,I,I,I,I,I,I,I,III,I,I,III
#36,I,I,I,III,I,III,II,I,III,I,III
#37,I,II,II,III,III,III,u-1,I,I,III,I
#38,I,III,III,III,I,I,I,III,I,I,III
#39,II or III,II,II,II,II,II,II,II,I,II,II
#40,u-1,I,II,III,III,III,III,III,I,III,I
#41,I,I,I,III,I,II,I,I,I,I,I
#42,I,I,I,III,III,II,I,I,I,u-1,I
#43,I,I,II,I,II,I,I,I,I,u-1,I
#44,I,I,II,III,I,III,II,I,I,u-3,I
#45,I,III,III,III,I,II,II,III,I,I,III
#46,I,III,III,III,I,III,II,I,III,III,I
#47,I,III,III,III,III,II,u-1,I,I,II,I
#48,I,III,III,III,III,III,III,III,III,III,III
#49,II or III,II,II,I,II,II,II,II,III,II,nd
#50,II or III,III,III,I,III,I,III,III,III,III,III
#51,u-1,I,II,III,I,III,II,I,I,I,I
#52,u-1,I,II,III,I,III,u-2,I,I,III,I
#53,u-1,I,II,III,III,III,II,I,I,III,I
#54,II or III,II,II,III,III,III,III,III,III,III,II
#55,I,I,I,I,III,I,u-1,I,I,I,I
#56,I,I,I,III,I,II,u-1,I,III,I,I
#57,I,I,I,III,I,II,u-1,I,III,II,III
#58,I,I,I,III,I,III,u-1,III,III,I,I
#59,I,I,I,III,III,II,u-1,I,I,I,I
#60,I,I,II,I,III,III,III,I,III,III,I
#61,I,I,II,III,I,III,II,III,I,u-2,I
#62,I,I,II,III,I,III,II,III,III,III,I
#63,I,I,II,III,III,III,I,III,I,II,I
#64,I,I,II,III,III,III,u-1,I,I,u-2,I
#65,I,I,II,III,III,III,u-1,I,I,III,I
#66,I,II,II,III,II,II,II,u-1,I,u-2,I
#67,I,III,III,III,I,III,I,III,III,u-1,III
#68,I,III,III,III,I,III,III,III,III,III,III
#69,I,III,III,III,III,II,I,III,I,II,I
#70,I,III,III,III,III,II,u-1,I,I,I,III
#71,I,III,III,III,III,III,II,I,III,III,I
#72,I,III,III,III,III,III,III,III,III,u-2,III
#73,II or III,III,III,I,I,I,III,III,III,I,I
#74,II or III,III,III,III,II,II,II,III,II,II,I
#75,u-1,I,II,III,III,III,II,I,I,III,III
#76,u-1,III,III,III,III,III,u-1,I,I,III,I
#77,I,I,I,I,I,I,u-1,I,I,III,III
#78,I,I,I,I,I,III,II,I,III,I,III
#79,I,I,I,I,III,I,I,III,III,I,III
#80,I,I,I,III,I,II,I,I,I,u-1,I
#81,I,I,I,III,I,II,u-1,I,I,III,III
#82,I,I,I,III,I,III,II,I,I,I,III
#83,I,I,I,III,I,III,II,III,III,I,III
#84,I,I,I,III,I,III,u-1,I,I,III,I
#85,I,I,I,III,III,II,u-1,I,I,II,I
#86,I,I,I,III,III,II,u-1,I,I,III,I
#87,I,I,I,III,III,III,I,I,III,I,III
#88,I,I,I,III,III,III,II,I,III,I,III
#89,I,I,I,III,III,III,II,III,III,III,III
#90,I,I,I,III,III,III,III,III,III,I,III
#91,I,I,II,I,I,I,II,I,I,I,I
#92,I,I,II,I,III,II,II,I,I,II,I
#93,I,I,II,I,III,II,u-1,I,I,III,I
#94,I,I,II,I,III,III,I,I,I,II,I
#95,I,I,II,I,III,III,II,I,I,III,I
#96,I,I,II,I,III,III,II,III,I,III,III
#97,I,I,II,I,III,III,II,III,I,III,I
#98,I,I,II,I,III,III,III,III,I,III,III
#99,I,I,II,I,III,III,u-1,I,I,III,I
#100,I,I,II,I,III,III,u-1,I,III,III,I
#101,I,I,II,III,I,III,II,I,I,u-2,I
#102,I,I,II,III,I,III,II,I,III,u-1,III
#104,I,I,II,III,I,III,u-1,I,I,III,I
#105,I,I,II,III,III,II,u-1,III,III,III,I
#106,I,I,II,III,III,II,u-1,I,I,II,I
#107,I,I,II,III,III,II,u-1,I,I,III,I
#108,I,I,II,III,III,III,II,I,I,III,I
#109,I,I,II,III,III,III,III,I,III,III,III
#110,I,I,II,III,III,III,u-1,III,I,III,I
#111,I,I,u-1,III,III,III,u-1,I,III,III,I
#112,I,II,II,I,I,I,III,II,III,I,nd
#113,I,II,II,III,II,II,II,nd,III,II,nd
#114,I,III,III,I,III,III,III,I,III,I,I
#115,I,III,III,I,III,III,III,III,III,III,I
#116,I,III,III,III,I,III,II,III,III,III,III
#117,I,III,III,III,I,III,u-1,I,I,u-1,III
#118,I,III,III,III,III,I,I,III,III,I,nd
#119,I,III,III,III,III,II,u-1,I,I,u-1,I
#120,I,III,III,III,III,III,I,I,III,III,III
#121,I,III,III,III,III,III,I,III,I,III,III
#122,I,III,III,III,III,III,I,III,III,I,III
#123,I,III,III,III,III,III,I,III,III,III,III
#124,I,III,III,III,III,III,II,III,I,u-1,I
#125,I,III,III,III,III,III,II,III,III,u-2,III
#126,I,I,I,III,III,II,u-1,I,I,u-1,I
#127,II or III,II,II,II,II,II,II,II,III,III,III
#128,II or III,II,II,II,II,II,II,III,II,II,I
#129,II or III,II,II,II,III,II,II,II,II,II,II
#130,II or III,III,III,I,III,III,II,I,III,III,III
#131,II or III,III,III,II,II,I,III,III,II,II,I
#132,II or III,III,III,III,II,II,II,III,III,II,III
#133,II or III,III,III,III,III,I,III,III,III,III,III
#134,u-1,I,II,III,I,III,II,III,III,I,III
#135,u-1,I,II,III,III,III,II,I,III,III,I
#136,u-1,I,u-1,III,III,III,II,I,I,III,I
#137,u-1,II,II,III,III,II,II,III,II,III,I
#138,u-1,III,III,III,III,III,III,I,III,III,III
#139,II or III,II,II,III,III,III,II,II,III,III,I
#140,II or III,III,III,III,III,III,II,III,III,I,III
#141,II or III,III,III,III,III,III,III,III,III,I,III
#142,I,I,I,I,I,II,II,II,II,I,I
#143,I,I,I,III,I,III,III,I,III,I,III
#144,I,I,I,III,I,III,u-1,III,I,I,I
#145,I ,I ,I ,III ,I ,II ,I ,I ,I ,I ,III 
#146,I,I,I,III,II,II,I,III,III,II,III
#147,I,I,II,I,III,III,I,I,I,III,I
#148,I,I,II,III,I,III,II,I,I,III,I
#149,I,I,II,III,III,II,II,I,I,I,I
#150,I,I,II,III,III,II,u-1,III,I,I,I
#152,I,I,u-1,III,III,III,II,I,I,III,I
#153,I,II,I,III,I,III,I,III,III,II,III
#154,I,II,II,III,II,II,II,u-1,III,II,I
#155,I ,III,III,I,I,III,I,III ,III,I,nd
#156,I,III,III,III,I,I,III,III,III,I,III
#157,I,III,III,III,I,III,I,III,III,III,III
#158,I,III,III,III,I,III,u-1,III,III,III,I
#159,I,III,III,III,III,I,I,III,I,III,III
#160,I,III,III,III,III,III,I,III,III,u-1,III
#161,I,III,III,III,III,III,I,I,III,III,I
#162,I,III,III,III,III,III,II,I,I,III,I
#163,I,III,III,III,III,III,II,I,III,III,III
#164,I,III,III,III,III,III,III,I,I,III,I
#165,I,III,III,III,III,III,u-1,I,I,III,III
#166,I,III,III,III,III,III,u-1,I,III,III,III
#167,II or III,I,I,I,I,I,I,III,III,III,III
#168,II or III,II,II,II,III,II,II,II,III,II,I
#169,II or III,II,II,III,III,III,III,III,II,II,III
#170,II or III,III,III,III,I,III,III,III,III,III,III
#171,u-1,I,I,III,III,I,u-1,III,III,I,III
#172,u-1,I,II,I,III,II,u-1,III,III,III,I
#173,u-1,I,II,III,III,II,u-1,I,I,III,I
#174,u-1,I,II,III,III,II,u-1,III,I,III,I
#175,u-1,I,II,III,III,III,III,I,I,u-1,I
#176,u-1,II,II,II,II,II,II,III,II,III,I
#177,I,I,I,I,I,I,I,III,III,I,III
#178,I,I,I,III,I,III,II,I,I,III,I
#179,I,I,II,III,I,III,I,III,III,III,III
#180,I,III,III,I,I,I,II,III,III,I,I
#181,I,III,III,III,I,III,u-1,I,I,u-1,I
#182,I,III,III,III,III,III,III,I,I,I,III
#183,I,III,III,III,III,III,III,I,I,I,III
#184,I,III,III,III,III,III,u-1,I,III,III,I
#185,II or III,II,II,III,III,II,III,III,III,u-2,III
#186,II or III,III,III,III,III,I,I,I,III,I,III
#187,II or III,III,III,III,III,III,II,III,III,III,III
#188,II or III,III,III,III,III,III,III,III,I,I,III
#189,u-1,I,II,I,I,I,I,I,I,III,I
#190,I,III,III,III,I,I,II,III,III,I,III
#191,I,I,I,I,I,I,II,III,III,I,III
#192,I,I,I,III,III,III,II,III,III,I,I
#193,I,I,II,I,III,III,I,III,I,III,III
#194,I,I,II,I,III,III,II,I,II,III,III
#195,I,I,II,I,III,III,II,I,III,III,III
#196,I,I,II,I,III,III,II,III,III,u-2,I
#197,I,II,II,II,II,II,II,II,I,II,I
#198,I,II,II,III,III,III,II,II,III,III,II
#199,II or III,II,II,III,II,II,II,III,II,II,I
#200,II or III,II,II,III,III,III,III,II,III,III,III
#201,II or III,III,III,III,III,II,u-1,III,I,I,III
#202,u-1,I,II,III,III,II,III,I,I,III,I
#203,I,I,I,III,I,II,II,III,III,I,III
#204,u-2,II,II,II,II,II,II,II,II,II,II
#205,II or III,II,II,I,II,II,II,II,I,II,II
#206,u-1,I,II,III,III,III,II,III,I,III,I
#207,I,I,u-1,III,I,II,II,I,I,I,I
#208,I,I,II,III,III,III,III,I,I,III,I
#209,u-1,I,II,I,III,II,I,I,I,I,III
#210,u-1,I,II,III,III,III,II,III,I,III,III
#211,I,I,I,III,I,III,I,III,III,I,III
#212,I,I,I,III,III,III,I,III,I,II,III
#213,I,I,II,III,III,III,u-1,III,I,III,III
#214,u-1,I,I,III,I,II,II,I,I,I,I
#215,u-1,I,II,u-1,III,III,II,I,I,III,I
#216,I,I,I,III,III,I,III,III,III,I,III
#217?,I,III,III,III,I,III,I,I,III,III,I
#218?,I,III,III,III,I,III,I,I,III,II,III
#219,II or III,III,III,III,III,III,III,III,III,III,I
#220,II or III,II,II,III,II,II,III,III,III,III,I
#221?,u-1,II,II,II,II,II,II,II,I,II,II
#222,I,II,II,II,II,II,II,u-1,I,II,I
#223,I,III,III,III,II,III,II,II,II,III,II
#224,II or III,III,III,III,I,III,II,III,III,III,III
#225,I,I,I,III,I,I,I,I,I,I,I
#226,I,I,u-1,III,III,III,II,I,III,III,I
#227,I,I,II,III,III,III,u-1,I,III,III,I
#228,I,III,III,III,III,III,u-1,I,I,III,I
#229,I,I,II,III,III,II,I,I,I,II,I
#230,I,II,II,III,II,II,III,III,III,III,I
#231,I,I,II,I,III,II,II,III,I,III,I
#232,I,I,II,I,III,III,II,I,III,u-1,III
#233,I,I,II,I,III,III,III,I,III,III,III
#234,I,I,II,I,III,III,II,I,III,III,I
#235,I,III,III,III,I,III,u-1,I,I,I,III
#236,u-1,I,II,III,III,III,III,I,I,III,III
#237,I,III,III,III,III,III,I,III,I,u-1,III
#238,I,I,II,I,III,III,I,I,III,III,I
#239,I,I,I,III,I,II,I,III,I,II,III
#240,I,I,II,I,III,III,II,I,I,u-2,I
#241,I,I,II,III,III,III,u-1,I,I,III,III
#242,I,I,u-1,III,III,III,u-1,I,I,III,I
#243,II or III,III,III,III,III,III,I,III,III,u-1,III
#244,I,I,II,III,I,II,u-1,I,I,u-1,I
#245,I,III,III,III,III,III,III,III,I,II,III
#246,u-1,I,II,III,III,II,II,I,I,III,I
#247,u-1,I,II,III,III,III,u-1,I,I,III,III
#248,I,III,III,III,III,III,u-1,I,III,u-2,III
#249,I,III,III,II,I,II,II,II,III,II,III
#250,II or III,III,III,III,III,I,III,III,I,I,III
#251,I,I,u-1,I,III,III,II,I,I,III,I
#252,I,I,I,III,I,III,I,I,I,I,III
#253,I,I,u-1,III,III,II,u-1,III,III,III,I
#254,II or III,III,III,III,II,III,II,III,II,III,I
#255,u-1,I,II,III,III,II,II,I,I,I,I
#256,u-1,I,II,III,II,III,u-1,I,I,III,I
#257,I,I,I,I,III,III,I,III,III,u-1,I
#258,I,I,II,I,I,III,II,III,I,III,I
#259,II or III,III,III,III,I,III,II,III,III,III,III
#260,I,I,I,I,III,III,I,III,III,I,nd
#261,I,I,I,III,I,I,II,III,III,I,nd
#262,I,III,III,III,I,III,II,III,III,u-2,nd
#263,I,I,I,I,I,I,III,I,III,I,III
#264,II or III,II,II,II,III,I,II,I,I,II,I
#265,II or III,II,II,III,II,II,II,III,III,II,III
#266,II or III,III,III,III,III,I,III,III,I,I,III
#267,I,I,I,III,III,III,II,I,III,III,III
#269,I,III,III,I,I,III,II,I,I,III,III
#270,u-1,I,u-1,III,III,II,u-1,I,I,u-2,I
#271,I,I,I,III,I,I,II,III,III,I,III
#272,I,I,I,III,III,II,II,I,III,III,III
#273,I,I,I,III,I,II,u-1,III,III,I,III
#274,I,III,III,III,I,III,II,I,III,III,III
#275,I,III,III,I,III,III,I,III,III,I,III
#276,I,III,III,III,I,III,u-1,I,III,III,I
#277,I,III,III,I,III,III,II,III,III,I,III
#278,I,I,I,III,III,III,III,III,I,I,I
